800,Varian PASQUET
800,Andy TIMO
800,Rayan REBBADJ
800,Theo FORNER
800,Stephen PAREZ EDO MARTIN
800,Paulin RIVA
800,Jefferson-Lee JOSEPH
800,Antoine ZEGHDAR
800,Aaron GRANDIDIER NKANANG
800,Jean Pascal BARRAQUE
800,Antoine DUPONT
800,Jordan SEPHO
800,Nelson EPEE
987,Jack CARTWRIGHT
987,William YANG
987,Flynn SOUTHAM
987,Kyle CHALMERS
987,Kai TAYLOR
932,Alexandra Le
932,Islam SATPAYEV
805,Christie GROBBELAAR
805,Ryan OOSTHUIZEN
805,Impi VISSER
805,Zain DAVIDS
805,Quewin NORTJE
805,Tiaan PRETORIUS
805,Tristan LEYDS
805,Selvyn DAVIDS
805,Shaun WILLIAMS
805,Rosko SPECMAN
805,Siviwe SOYIZWAPI
805,Shilton van WYK
805,Ronald BROWN
998,Lorenzo ZAZZERI
998,Leonardo DEPLANO
998,Paolo CONTE BONIN
998,Manuel FRIGO
998,Thomas CECCON
998,Alessandro MIRESSI
1035,Olivia WUNSCH
1035,Bronte CAMPBELL
1035,Meg HARRIS
1035,Emma McKEON
1035,Shayna JACK
1035,Mollie O'CALLAGHAN
1002,Ryan HELD
1002,Matt KING
1002,Hunter ARMSTRONG
1002,Caeleb DRESSEL
1002,Jack ALEXY
1002,Chris GUILIANO
918,HUANG Yuting
918,SHENG Lihao
799,Joji NASOVA
799,Joseva TALACOLO
799,Jeremaia MATANA
799,Sevuloni MOCENACAGI
799,Iosefo BALEIWAIRIKI
799,Ponipate LOGANIMASI
799,Terio Tamani VEILAWA
799,Waisea NACUQU
799,Jerry TUWAI
799,Iowane TEBA
799,Kaminieli RASAKU
799,Selesitino RAVUTAUMADA
799,Raisuqe JOSAIA
799,Filipe SAUTURAGA
424,CHANG Yani
424,CHEN Yiwen
426,Yasmin HARPER
426,Scarlett MEW JENSEN
934,KEUM Jihyeon
934,PARK Hajun
430,Sarah BACON
430,Kassidy COOK
1050,Abbey WEITZEIL
1050,Simone MANUEL
1050,Erika CONNOLLY
1050,Kate DOUGLASS
1050,Torri HUSKE
1050,Gretchen WALSH
1038,CHENG Yujie
1038,WU Qingfeng
1038,YU Yiting
1038,YANG Junxuan
1038,ZHANG Yufei
21,Angela RUIZ
21,Alejandra VALENCIA
21,Ana VAZQUEZ
13,AN Qixuan
13,LI Jiaman
13,YANG Xiaolei
19,JEON Hunyoung
19,LIM Sihyeon
19,NAM Suhyeon
9,KIM Je Deok
9,KIM Woojin
9,LEE Wooseok
569,Asher HONG
569,Paul JUDA
569,Brody MALONE
569,Stephen NEDOROSCIK
569,Frederick RICHARD
564,HASHIMOTO Daiki
564,KAYA Kazuma
564,OKA Shinnosuke
564,SUGINO Takaaki
564,TANIGAWA Wataru
401,LIAN Junjie
401,YANG Hao
451,Tom McEWEN
451,Laura COLLETT
451,Rosalind CANTER
451,Yasmin INGHAM
450,Karim Florent LAGHOUAG
450,Stephane LANDOIS
450,Nicolas TOUZAINT
450,Gireg le COZ
400,Rylan WIENS
400,Nathan ZSOMBOR-MURRAY
12,Mete GAZOZ
12,Berkim TUMER
12,Abdullah YILDIRMIS
403,Thomas DALEY
403,Noah WILLIAMS
455,KITAJIMA Ryuzo
455,OIWA Yoshiaki
455,TOMOTO Kazuma
455,TANAKA Toshiyuki
3,Baptiste ADDIS
3,Thomas CHIRAULT
3,Jean-Charles VALLADONT
559,LIU Yang
559,SU Weide
559,XIAO Ruoteng
559,ZHANG Boheng
559,ZOU Jingyuan
818,Risi POURI-LANE
818,Jorja MILLER
818,Stacey WAAKA
818,Manaia NUKU
818,Sarah HIRINI
818,Michaela BLYDE
818,Tyla KING
818,Mahina PAUL
818,Jazmin FELIX-HOTHAM
818,Theresa SETEFANO
818,Portia WOODMAN-WICKLIFFE
818,Alena SAILI
571,Rebeca ANDRADE
571,Jade BARBOSA
571,Lorrane OLIVEIRA
571,Flavia SARAIVA
571,Julia SOARES
913,Sevval Ilayda TARHAN
913,Yusuf DIKEC
912,Zorana ARUNOVIC
912,Damir MIKEC
536,Coraline VITALIS
536,Auriane MALLO-BRETON
536,Marie-Florence CANDASSAMY
536,Alexandra LOUIS-MARIE
576,Angela ANDREOLI
576,Alice D'AMATO
576,Manila ESPOSITO
576,Elisa IORIO
576,Giorgia VILLA
1034,Chris GUILIANO
1034,Drew KIBLER
1034,Brooks CURRY
1034,Blake PIERONI
1034,Carson FOSTER
1034,Luke HOBSON
1034,Kieran SMITH
905,Manu BHAKER
905,Sarabjot SINGH
1019,Flynn SOUTHAM
1019,Kai TAYLOR
1019,Zac INCERTI
1019,Thomas NEILL
1019,Maximillian GIULIANI
1019,Elijah WINNINGTON
1243,RI Jong Sik
1243,KIM Kum Yong
537,Rossella FIAMINGO
537,Giulia RIZZI
537,Alberta SANTUCCIO
537,Mara NAVARRIA
1242,LIM Jonghoon
1242,SHIN Yubin
820,Ariana RAMSEY
820,Ilona MAHER
820,Kayla CANETT
820,Sammy SULLIVAN
820,Alev KELTER
820,Lauren DOYLE
820,Naya TAPPER
820,Alex SEDRICK
820,Alena OLSEN
820,Steph ROVETTI
820,Sarah LEVY
820,Kristi KIRSHE
539,Renata KNAPIK-MIAZGA
539,Martyna SWATOWSKA-WENGLARCZYK
539,Alicja KLASIK
539,Aleksandra JARECKA
581,Simone BILES
581,Jade CAREY
581,Jordan CHILES
581,Sunisa LEE
581,Hezly RIVERA
811,Caroline CROSSLEY
811,Olivia APPS
811,Alysha CORRIGAN
811,Asia HOGAN-ROCHESTER
811,Chloe DANIELS
811,Charity WILLIAMS
811,Florence SYMONDS
811,Carissa NORSTEN
811,Krissy SCURFIELD
811,Fancy BERMUDEZ
811,Piper LOGAN
811,Keyara WARDLEY
811,Taylor PERRY
811,Shalaya VALENZUELA
1233,WANG Chuqin
1233,SUN Yingsha
1025,Duncan SCOTT
1025,Tom DEAN
1025,Matthew RICHARDS
1025,James GUY
1025,Jack McMILLAN
1025,Kieran BIRD
532,GU Bongil
532,OH Sanguk
532,PARK Sangwon
532,DO Gyeongdong
528,Bolade APITHY
528,Maxime PIANFETTI
528,Sebastien PATRICE
528,Jean-Philippe PATRICE
724,Luca CHIUMENTO
724,Luca RAMBALDI
724,Andrea PANIZZA
724,Giacomo GENTILI
416,CHEN Yuxi
416,QUAN Hongchan
727,Dominik CZAJA
727,Mateusz BISKUP
727,Miroslaw ZIETARSKI
727,Fabian BARANSKI
790,Lauren HENRY
790,Hannah SCOTT
790,Lola ANDERSON
790,Georgina BRAYSHAW
791,Maren VOELZ
791,Tabea SCHENDEKEHL
791,Leonie MENZEL
791,Pia GREITEN
529,Csanad GEMESI
529,Aron SZILAGYI
529,Andras SZATMARI
529,Krisztian RABB
725,Lennart van LIEROP
725,Finn FLORIJN
725,Tone WIETEN
725,Koen METSEMAKERS
792,Laila YOUSSIFOU
792,Bente PAULIS
792,Roos de JONG
792,Tessa DULLEMANS
418,Andrea SPENDOLINI SIRIEIX
418,Lois TOULSON
420,JO Jin Mi
420,KIM Mi Rae
753,Helen GLOVER
753,Esme BOOTH
753,Sam REDGRAVE
753,Rebecca SHORTEN
785,Brooke FRANCIS
785,Lucy SPOORS
547,AZUMA Sera
547,UENO Yuka
547,MIYAWAKI Karin
547,KIKUCHI Komaki
688,Ollie MACLEAN
688,Logan ULLRICH
688,Tom MURRAY
688,Matt MACDONALD
697,Daire LYNCH
697,Philip DOYLE
756,Jackie GOWLER
756,Phoebe SPOORS
756,Davina WADDY
756,Kerri WILLIAMS
549,Lauren SCRUGGS
549,Lee KIEFER
549,Jacqueline DUBROVICH
549,Maia Mei WEINTRAUB
718,Andrei Sebastian CORNEA
718,Marian Florian ENACHE
755,Marloes OLDENBURG
755,Hermijntje DRENTH
755,Tinka OFFEREINS
755,Benthe BOONSTRA
763,Mathilda HODGKINS BYRNE
763,Rebecca WILDE
715,Melvin TWELLAAR
715,Stef BROENINK
786,Ancuta BODNAR
786,Simona RADIS
546,Arianna ERRIGO
546,Martina FAVARETTO
546,Alice VOLPI
546,Francesca PALUMBO
1082,Simone MANUEL
1082,Alex SHACKELL
1082,Anna PEPLOWSKI
1082,Erin GEMMELL
1082,Katie LEDECKY
1082,Paige MADDEN
1082,Claire WEINSTEIN
685,Oliver WILKES
685,David AMBLER
685,Matt ALDRIDGE
685,Freddie DAVIDSON
691,Nick MEAD
691,Justin BEST
691,Michael GRADY
691,Liam CORRIGAN
1070,YANG Junxuan
1070,TANG Muhan
1070,KONG Yaqi
1070,GE Chutong
1070,LIU Yaxin
1070,LI Bingjie
1067,Shayna JACK
1067,Mollie O'CALLAGHAN
1067,Lani PALLISTER
1067,Jamie PERKINS
1067,Brianna THROSSELL
1067,Ariarne TITMUS
513,Gergely SIKLOSI
513,Mate Tamas KOCH
513,Tibor ANDRASFI
513,David NAGY
510,Jiri BERAN
510,Jakub JURKA
510,Martin RUBES
510,Michal CUPR
468,Simon DELESTRE
468,Julien EPAILLARD
468,Olivier PERREAU
468,Kevin STAUT
49,Casey KAUFHOLD
49,Brady ELLISON
681,Roman ROEOESLI
681,Andrin GULICH
1168,Felix AUGER-ALIASSIME
1168,Gabriela DABROWSKI
410,Anthony HARDING
410,Jack LAUGHER
829,Diego BOTIN le CHEVER
829,Florian TRITTEL PAUL
855,Odile van AANHOLT
855,Annette DUETZ
707,Fintan Mc CARTHY
707,Paul O DONOVAN
515,KANO Koki
515,MINOBE Kazuyasu
515,YAMADA Masaru
515,KOMATA Akira
859,Vilma BOBECK
859,Rebecca NETZLER
197,WATANABE Yuta
197,HIGASHINO Arisa
671,Martin SINKOVIC
671,Valent SINKOVIC
771,Emily CRAIG
771,Imogen GRANT
737,Jess MORRISON
737,Annabelle McINTYRE
198,KIM Won Ho
198,JEONG Na Eun
746,Ymkje CLEVERING
746,Veronique MEESTER
840,Ian BARROWS
840,Hans HENKEN
850,Sarah STEYAERT
850,Charline PICON
41,KIM Woojin
41,LIM Sihyeon
469,Scott BRASH
469,Harry CHARLES
469,Ben MAHER
469,Joseph STOCKDALE
407,LONG Daoyi
407,WANG Zongyuan
779,Gianina Elena van GRONINGEN
779,Ionela Livia COZMIUC
1171,Tomas MACHAC
1171,Katerina SINIAKOVA
706,Antonios PAPAKONSTANTINOU
706,Petros GKAIDATZIS
481,McLain WARD
481,Kent FARRINGTON
481,Laura KRAUT
481,Karl COOK
191,ZHENG Si Wei
191,HUANG Ya Qiong
708,Stefano OPPO
708,Gabriel SOARES
748,Roxana ANGHEL
748,Ioana VRINCEANU
35,Michelle KROPPEN
35,Florian UNRUH
673,Oliver WYNNE-GRIFFITH
673,Tom GEORGE
772,Dimitra KONTOU
772,Zoi FITSIOU
412,Juan Manuel CELAYA HERNANDEZ
412,Osmar OLVERA IBARRA
1169,WANG Xinyu
1169,ZHANG Zhizhen
836,Isaac McHARDIE
836,William McKENZIE
439,Charlotte FRY
439,Carl HESTER
439,Becky MOODY
439,Andrew GOULD
1102,Matthew EBDEN
1102,John PEERS
1083,Kyle CHALMERS
1083,Joshua YONG
1083,Matthew TEMPLE
1083,Emma McKEON
1083,Mollie O'CALLAGHAN
1083,Iona ANDERSON
1083,Kaylee McKEOWN
1083,Zac STUBBLETY-COOK
1098,Caeleb DRESSEL
1098,Charlie SWANSON
1098,Nic FINK
1098,Ryan MURPHY
1098,Abbey WEITZEIL
1098,Torri HUSKE
1098,Gretchen WALSH
1098,Regan SMITH
645,Larissa PIMENTA
645,Rafaela SILVA
645,Ketleyn QUADROS
645,Beatriz SOUZA
645,Daniel CARGNIN
645,Willian LIMA
645,Rafael MACEDO
645,Guilherme SCHIMIDT
645,Leonardo GONCALVES
645,Rafael SILVA
176,LIU Sheng Shu
176,TAN Ning
733,Heidi LONG
733,Rowan McKELLAR
733,Holly DUNFORD
733,Emily FORD
733,Lauren IRWIN
733,Eve STEWART
733,Harriet TAYLOR
733,Annie CAMPBELL-ORDE
733,Henry FIELDMAN
1130,Taylor FRITZ
1130,Tommy PAUL
655,ABE Uta
655,FUNAKUBO Haruka
655,TSUNODA Natsumi
655,NIIZOE Saki
655,TAKAICHI Miku
655,SONE Akira
655,TAKAYAMA Rika
655,ABE Hifumi
655,HASHIMOTO Soichi
655,NAGAYAMA Ryuju
655,MURAO Sanshiro
655,NAGASE Takanori
655,SAITO Tatsuru
655,WOLF Aaron
556,Olga KHARLAN
556,Alina KOMASHCHUK
556,Olena KRAVATSKA
556,Yuliia BAKASTOVA
669,Henry HOLLINGSWORTH
669,Nick RUSHER
669,Christian TABASH
669,Clark DEAN
669,Chris CARLSON
669,Peter CHATAIN
669,Evan OLSON
669,Pieter QUINTON
669,Rielly MILNE
440,Jessica von BREDOW-WERNDL
440,Frederic WANDRES
440,Isabell WERTH
440,Soenke ROTHENBERGER
664,Sholto CARNEGIE
664,Rory GIBBS
664,Morgan BOLDING
664,Jacob DAWSON
664,Charles ELWES
664,Tom DIGBY
664,James RUDKIN
664,Tom FORD
664,Harry BRIGHTMORE
151,Isaya KLEIN IKKINK
151,Eugene OMALLA
151,Femke BOL
151,Lieke KLAVER
151,Cathelijn PEETERS
151,Isayah BOERS
176,LIU Sheng Shu
176,TAN Ning
1130,Taylor FRITZ
1130,Tommy PAUL
555,YOON Jisu
555,JEON Hayoung
555,CHOI Sebin
555,JEON Eunhye
735,Maria Magdalena RUSU
735,Roxana ANGHEL
735,Ancuta BODNAR
735,Maria LEHACI
735,Adriana ADAM
735,Amalia BERES
735,Ioana VRINCEANU
735,Simona RADIS
735,Victoria Stefania PETREANU
554,EMURA Misaki
554,TAKASHIMA Risa
554,FUKUSHIMA Shihomi
554,OZAKI Seri
649,Shirine BOUKLI
649,Amandine BUCHARD
649,Sarah Leonie CYSIQUE
649,Clarisse AGBEGNENOU
649,Marie Eve GAHIE
649,Romane DICKO
649,Madeleine MALONGA
649,Joan-Benjamin GABA
649,Walide KHYAR
649,Luka MKHEIDZE
649,Alpha Oumar DJALO
649,Maxime-Gael NGAYAP HAMBOU
649,Aurelien DIESSE
649,Teddy RINER
1086,PAN Zhanle
1086,XU Jiayu
1086,QIN Haiyang
1086,YANG Junxuan
1086,ZHANG Yufei
1086,TANG Qianting
183,MATSUYAMA Nami
183,SHIDA Chiharu
667,Ralf RIENKS
667,Olav MOLENAAR
667,Sander de GRAAF
667,Ruben KNAB
667,Gert-Jan van DOORN
667,Jacob van de KERKHOF
667,Jan van der BIJ
667,Mick MAKKER
667,Dieuwke FETTER
435,Daniel BACHMANN ANDERSEN
435,Cathrine LAUDRUP-DUFOUR
435,Nanna SKODBORG MERRALD
435,Nadja Aaboe SLOTH
731,Jessica SEVICK
731,Caileigh FILMER
731,Maya MESCHKULEIT
731,Kasia GRUCHALLA-WESIERSKI
731,Avalon WASTENEYS
731,Sydney PAYNE
731,Kristina WALKER
731,Abby DENT
731,Kristen KIT
657,HUH Mimi
657,JUNG Yerin
657,LEE Hyekyeong
657,KIM Jisu
657,KIM Hayun
657,YOON Hyunji
657,AN Baul
657,KIM Won Jin
657,HAN Juyeo
657,LEE Joonhwan
657,KIM Minjong
156,Bryce DEADMON
156,Vernon NORWOOD
156,Quincy WILSON
156,Kaylyn BROWN
156,Shamier LITTLE
156,Isabella WHITTAKER
145,Alex HAYDOCK-WILSON
145,Samuel REARDON
145,Amber ANNING
145,Hannah KELLY
145,Laviai NIELSEN
145,Jodie WILLIAMS
145,Nicole YEARGIN
145,Lewis DAVEY
145,Ben JEFFERIES
1006,PAN Zhanle
1006,XU Jiayu
1006,QIN Haiyang
1006,WANG Changhao
1006,SUN Jiajun
1143,Cristina BUCSA
1143,Sara SORRIBES TORMO
1053,WU Qingfeng
1053,YU Yiting
1053,YANG Junxuan
1053,ZHANG Yufei
1053,WANG Xueer
1053,TANG Qianting
1053,WAN Letian
1008,Rafael FENTE--DAMERS
1008,Yohann NDOYE-BROUARD
1008,Leon MARCHAND
1008,Clement SECCHI
1008,Maxime GROUSSET
1008,Florent MANAUDOU
521,Enzo LEFORT
521,Maxime PAUTY
521,Julien MERTINE
521,Maximilien CHASTANET
1150,Sara ERRANI
1150,Jasmine PAOLINI
1132,Mirra ANDREEVA
1132,Diana SHNAIDER
172,LEE Yang
172,WANG Chi-Lin
1051,Meg HARRIS
1051,Emma McKEON
1051,Mollie O'CALLAGHAN
1051,Iona ANDERSON
1051,Ella RAMSAY
1051,Alexandria PERKINS
1051,Kaylee McKEOWN
1051,Jenna STRAUCH
522,Guillaume BIANCHI
522,Filippo MACCHI
522,Tommaso MARINI
522,Alessio FOCONI
170,Aaron CHIA
170,Wooi Yik SOH
1066,Kate DOUGLASS
1066,Torri HUSKE
1066,Gretchen WALSH
1066,Katharine BERKOFF
1066,Emma WEBER
1066,Alex SHACKELL
1066,Lilly KING
1066,Regan SMITH
1018,Hunter ARMSTRONG
1018,Caeleb DRESSEL
1018,Jack ALEXY
1018,Charlie SWANSON
1018,Thomas HEILMAN
1018,Nic FINK
1018,Ryan MURPHY
523,MATSUYAMA Kyosuke
523,IIMURA Kazuki
523,SHIKINE Takahiro
523,NAGANO Yudai
158,LIANG Wei Keng
158,WANG Chang
951,Diana BACOSI
951,Gabriele ROSSETTI
393,Katy MARCHANT
393,Emma FINUCANE
393,Sophie CAPEWELL
393,Lowri THOMAS
210,Arvin SLAGTER
210,Worthy de JONG
210,Dimeo van der HORST
210,Jan DRIESSEN
221,Dearica HAMBY
221,Cierra BURDICK
221,Hailey van LITH
221,Rhyne HOWARD
220,Svenja BRUNCKHORST
220,Sonja GREINACHER
220,Marie REICHERT
220,Elisa MEVIUS
1198,Seth RIDER
1198,Taylor SPIVEY
1198,Morgan PEARSON
1198,Taylor KNIBB
394,Emma HINZE
394,Lea FRIEDRICH
394,Pauline GRABOSCH
394,Alessa PROEPSTER
1190,Tim HELLWIG
1190,Lisa TERTSCH
1190,Lasse LUEHRS
1190,Laura LINDEMANN
1189,Alex YEE
1189,Georgia TAYLOR-BROWN
1189,Samuel DICKINSON
1189,Beth POTTER
218,Gracia ALONSO
218,Sandra YGUERAVIDE
218,Vega GIMENO
218,Juana CAMILION
397,Ellesse ANDREWS
397,Rebecca PETCH
397,Shaane FULTON
397,Olivia KING
209,Evaldas DZIAUGYS
209,Gintautas MATULIS
209,Aurelijus PUKELIS
209,Sarunas VINGELIS
957,Austen Jewell SMITH
957,Vincent HANCOCK
207,Timothe VERGIAT
207,Franck SEGUELA
207,Lucas DUSSOULIER
207,Jules RAMBAUT
945,JIANG Yiting
945,LYU Jianlin
362,Jack CARLIN
362,Hamish TURNBULL
362,Ed LOWE
362,Joseph TRUMAN
358,Matthew GLAETZER
358,Matthew RICHARDSON
358,Leigh HOFFMAN
358,Tom CORNISH
365,Roy van den BERG
365,Harrie LAVREYSEN
365,Jeffrey HOOGLAND
365,Tijmen van LOON
979,WANG Liuyi
979,WANG Qianyi
979,CHANG Hao
979,FENG Yu
979,WANG Ciyue
979,XIANG Binxuan
979,XIAO Yanning
979,ZHANG Yayi
979,CHENG Wentao
348,Kell O'BRIEN
348,Sam WELSFORD
348,Oliver BLEDDYN
348,Conor LEAHY
348,James MORIARTY
355,Simone CONSONNI
355,Filippo GANNA
355,Francesco LAMON
355,Jonathan MILAN
355,Manlio MORO
389,Bryony BOTHA
389,Emily SHEARMAN
389,Ally WOLLASTON
389,Nicole SHIELDS
389,Samantha DONNELLY
126,Alvaro MARTIN
126,Maria PEREZ
390,Jennifer VALENTE
390,Lily WILLIAMS
390,Olivia CUMMINS
390,Emily EHRLICH
390,Kristen FAULKNER
390,Chloe DYGERT
981,Alisa OZHOGINA OZHOGIN
981,Iris TIO CASAS
981,Meritxell MAS PUJADAS
981,Blanca TOLEDANO LAUT
981,Paula RAMIREZ IBANEZ
981,Lilou LLUIS VALETTE
981,Marina GARCIA POLO
981,Txell FERRE GASET
981,Sara SALDANA LOPEZ
986,Jaime CZARKOWSKI
986,Megumi FIELD
986,Anita ALVAREZ
986,Keana HUNTER
986,Audrey KWON
986,Jacklyn LUU
986,Daniella RAMIREZ
986,Ruby REMATI
986,Calista LIU
116,Rhydian COWLEY
116,Jemima MONTAG
125,Brian Daniel PINTADO
125,Glenda MOREJON
384,Neah EVANS
384,Elinor BARKER
384,Josie KNIGHT
384,Anna MORRIS
384,Jessica ROBERTS
384,Megan BARKER
353,Oliver WOOD
353,Mark STEWART
353,Ethan VERNON
353,Daniel BIGHAM
353,Charlie TANFIELD
353,Ethan HAYTER
895,Micah WILKINSON
895,Erica DAWSON
283,Saul CRAVIOTTO
283,Carlos AREVALO
283,Marcus COOPER
283,Rodrigo GERMADE
251,Joan Antoni MORENO
251,Diego DOMINGUEZ
629,Jip JANSSEN
629,Lars BALK
629,Jonas de GEUS
629,Thijs van DAM
629,Thierry BRINKMAN
629,Seve van ASS
629,Jorrit Jan Willem CROON
629,Justen BLOK
629,Derck de VILDER
629,Floris WORTELBOER
629,Tjep HOEDEMAKERS
629,Koen BIJEN
629,Joep de MOL
629,Steijn van HEIJNINGEN
629,Pirmin BLAAK
629,Tijmen REYENGA
629,Duco TELGENKAMP
629,Floris MIDDENDORP
255,Gabriele CASADEI
255,Carlo TACCHINI
863,Lara VADLAU
863,Lukas MAEHR
328,Noemi PUPP
328,Sara FOJT
328,Tamara CSIPES
328,Alida Dora GAZSO
284,Max RENDSCHMIDT
284,Max LEMKE
284,Jacob SCHOPF
284,Tom LIEBSCHER-LUCZ
491,Munir EL KAJOUI
491,Achraf HAKIMI
491,Akram NAKACH
491,Mehdi BOUKAMIR
491,Adil TAHIF
491,Benjamin BOUCHOUARI
491,Eliesse BEN SEGHIR
491,Bilal EL KHANNOUSS
491,Soufiane RAHIMI
491,Ilias AKHOMACH
491,Zakaria EL OUAHDI
491,Rachid GHANIMI
491,Yassine KECHTA
491,Oussama TARGHALLINE
491,Mehdi MAOUHOUB
491,Abde EZZALZOULI
491,Oussama EL AZZOUZI
491,Amir RICHARDSON
491,Haytam MANAOUT
880,Mateo MAJDALANI
880,Eugenia BOSCO
877,Anton DAHLBERG
877,Lovisa KARLSSON
626,Mathias MUELLER
626,Mats GRAMBUSCH
626,Lukas WINDFEDER
626,Niklas WELLEN
626,Johannes GROSSE
626,Thies PRINZ
626,Paul-Philipp KAUFMANN
626,Teo HINRICHS
626,Tom GRAMBUSCH
626,Gonzalo PEILLAT
626,Christopher RUEHR
626,Justus WEIGAND
626,Marco MILTKAU
626,Martin ZWICKER
626,Hannes MUELLER
626,Malte HELLWIG
626,Moritz LUDWIG
626,Jean-Paul DANNEBERG
892,Ruggero TITA
892,Caterina Marianna BANTI
327,Paulina PASZEK
327,Jule Marie HAKE
327,Pauline JAGSCH
327,Sarah BRUESSLER
279,Riley FITZSIMMONS
279,Pierre van der WESTHUYZEN
279,Jackson COLLINS
279,Noah HAVARD
249,LIU Hao
249,JI Bowen
627,Jarmanpreet SINGH
627,Abhishek ABHISHEK
627,Manpreet SINGH
627,Hardik SINGH
627,Gurjant SINGH
627,Sanjay SANJAY
627,Mandeep SINGH
627,Harmanpreet SINGH
627,Lalit Kumar UPADHYAY
627,Sreejesh PARATTU RAVEENDRAN
627,Sumit SUMIT
627,Shamsher SINGH
627,Raj Kumar PAL
627,Amit ROHIDAS
627,Vivek Sagar PRASAD
627,Sukhjeet SINGH
873,OKADA Keiju
873,YOSHIOKA Miho
330,Lisa CARRINGTON
330,Alicia HOSKIN
330,Olivia BRETT
330,Tara VAUGHAN
485,Arnau TENAS
485,Marc PUBILL
485,Juan MIRANDA
485,Eric GARCIA
485,Pau CUBARSI
485,Pablo BARRIOS
485,Diego LOPEZ
485,Benat TURRIENTES
485,Abel RUIZ
485,Alex BAENA
485,Fermin LOPEZ
485,Jon PACHECO
485,Joan GARCIA
485,Aimar OROZ
485,Miguel GUTIERREZ
485,Adrian BERNABE
485,Sergio GOMEZ
485,Samu OMORODION
485,Cristhian MOSQUERA
485,Juanlu SANCHEZ
485,Sergio CAMELLO
485,Alejandro ITURBE
635,YE Jiao
635,GU Bingfeng
635,YANG Liu
635,ZHANG Ying
635,CHEN Yi
635,MA Ning
635,LI Hong
635,OU Zixia
635,DAN Wen
635,ZOU Meirong
635,HE Jiangxin
635,FAN Yunxia
635,CHEN Yang
635,XU Wenyu
635,ZHONG Jiaqi
635,TAN Jinzhuang
635,YU Anhui
290,Sloan MACKENZIE
290,Katie VINCENT
265,Jacob SCHOPF
265,Max LEMKE
292,XU Shixiao
292,SUN Mengya
1206,Simon GAUZY
1206,Alexis LEBRUN
1206,Felix LEBRUN
1306,ANDERSON
1306,AVERILL
1306,CHRISTENSON
1306,DEFALCO
1306,HOLT
1306,JAESCHKE
1306,JENDRYK
1306,MA'A
1306,MUAGUTUTIA
1306,RUSSELL
1306,E. SHOJI
1306,SMITH
1306,ENSING
317,Lisa CARRINGTON
317,Alicia HOSKIN
641,Anne VEENENDAAL
641,Luna Noa FOKKE
641,Freeke MOES
641,Lisa POST
641,Xan de WAARD
641,Yibbi JANSEN
641,Renee van LAARHOVEN
641,Felice ALBERS
641,Maria VERSCHOOR
641,Sanne KOOLEN
641,Frederique MATLA
641,Joosje BURG
641,Marleen JOCHEMS
641,Pien SANDERS
641,Marijn VEEN
641,Laura NUNNINK
641,Pien DICKE
1274,Melissa HUMANA-PAREDES
1274,Brandie WILKERSON
312,Tamara CSIPES
312,Alida Dora GAZSO
54,Eliezer ADJIBI
54,Duan ASEMOTA
54,Jerome BLAKE
54,Aaron BROWN
54,Andre De GRASSE
54,Brendon RODNEY
57,Jeremiah AZU
57,Louie HINCHLIFFE
57,Zharnel HUGHES
57,Richard KILTY
57,Nethaneel MITCHELL-BLAKE
486,Obed NKAMBADIO
486,Castello LUKEBA
486,Adrien TRUFFERT
486,Loic BADE
486,Kiliann SILDILLIA
486,Manu KONE
486,Michael OLISE
486,Maghnes AKLIOUCHE
486,Arnaud KALIMUENDO
486,Alexandre LACAZETTE
486,Desire DOUE
486,Enzo MILLOT
486,Joris CHOTARD
486,Jean-Philippe MATETA
486,Bradley LOCKO
486,Guillaume RESTES
486,Soungoutou MAGASSA
486,Rayan CHERKI
486,Chrislain MATSIMA
486,Andy DIOUF
486,Johann LEPENANT
90,Dina ASHER-SMITH
90,Desiree HENRY
90,Amy HUNT
90,Imani LANSIQUOT
90,Daryll NEITA
90,Bianca WILLIAMS
259,Jean van der WESTHUYZEN
259,Tom GREEN
374,Vittoria GUAZZINI
374,Chiara CONSONNI
310,Paulina PASZEK
310,Jule Marie HAKE
91,Alexandra BURGHARDT
91,Rebekka HAASE
91,Sophia JUNK
91,Gina LUECKENKEMPER
91,Lisa MAYER
1202,FAN Zhendong
1202,MA Long
1202,WANG Chuqin
1213,Anton KALLBERG
1213,Kristian KARLSSON
1213,Truls MOREGARD
632,Sofia TOCCALINO
632,Agustina GORZELANY
632,Valentina RAPOSO RUIZ de los LLANOS
632,Agostina ALONSO
632,Agustina ALBERTARRIO
632,Maria GRANATTO
632,Cristina COSENTINO
632,Rocio SANCHEZ MOCCIA
632,Victoria SAUZE VALDEZ
632,Sofia CAIRO
632,Eugenia TRINCHINETTI
632,Lara CASAS
632,Juana CASTELLARO MORELLO
632,Maria CAMPOY
632,Julieta JANKUNAS
632,Zoe DIAZ de ARMAS
312,Tamara CSIPES
312,Alida Dora GAZSO
1272,Ana Patricia SILVA RAMOS
1272,Eduarda SANTOS LISBOA
504,Merle FROHMS
504,Sarai LINDER
504,Kathrin HENDRICH
504,Bibiane SCHULZE SOLANO
504,Marina HEGERING
504,Janina MINGE
504,Lea SCHUELLER
504,Sydney LOHMANN
504,Sjoeke NUESKEN
504,Laura FREIGANG
504,Alexandra POPP
504,Ann-Katrin BERGER
504,Sara DOORSOUN
504,Elisa SENSS
504,Giulia GWINN
504,Jule BRAND
504,Klara BUEHL
504,Vivien ENDEMANN
504,Felicitas RAUCH
504,Nicole ANYOMI
371,Neah EVANS
371,Elinor BARKER
99,Tamari DAVIS
99,Aleia HOBBS
99,Melissa JEFFERSON
99,Sha'carri RICHARDSON
99,Twanisha TERRY
99,Gabrielle THOMAS
302,Liudmyla LUZAN
302,Anastasiia RYBACHOK
1291,Tanja HUEBERLI
1291,Nina BRUNNER
376,Lisa van BELLE
376,Maike van der DUIN
66,Shaun MASWANGANYI
66,Bradley NKOANA
66,Benjamin RICHARDSON
66,Akani SIMBINE
66,Bayanda WALAZA
267,Sandor TOTKA
267,Bence NADAS
1268,David AHMAN
1268,Jonatan HELLVIG
586,DING Xinyi
586,GUO Qiqi
586,HAO Ting
586,HUANG Zhangjiayang
586,WANG Lanjing
508,Alyssa NAEHER
508,Emily FOX
508,Korbin ALBERT
508,Naomi GIRMA
508,Trinity RODMAN
508,Casey KRUEGER
508,Crystal DUNN
508,Lynn WILLIAMS
508,Mallory SWANSON
508,Lindsey HORAN
508,Sophia SMITH
508,Tierna DAVIDSON
508,Jenna NIGHSWONGER
508,Emily SONNETT
508,Jaedyn SHAW
508,Rose LAVELLE
508,Samantha COFFEY
508,Casey MURPHY
508,Croix BETHUNE
508,Emily SAMS
499,LORENA
499,ANTONIA
499,TARCIANE
499,RAFAELLE
499,DUDA SAMPAIO
499,TAMIRES
499,KEROLIN
499,VITORIA YAYA
499,ADRIANA
499,MARTA
499,JHENIFFER
499,TAINA
499,YASMIM
499,LUDMILA
499,THAIS
499,GABI NUNES
499,ANA VITORIA
499,GABI PORTILHO
499,PRISCILA
499,ANGELINA
499,LAUREN
499,LUCIANA
231,Uros PLAVSIC
231,Filip PETRUSEV
231,Nikola JOVIC
231,Bogdan BOGDANOVIC
231,Vanja MARINKOVIC
231,Ognjen DOBRIC
231,Nikola JOKIC
231,Vasilije MICIC
231,Marko GUDURIC
231,Dejan DAVIDOVAC
231,Aleksa AVRAMOVIC
231,Nikola MILUTINOV
1217,CHEN Meng
1217,SUN Yingsha
1217,WANG Manyu
1307,DIANA
1307,NYEME
1307,MACRIS
1307,THAISA
1307,ROSAMARIA
1307,ROBERTA
1307,GABI
1307,ANA CRISTINA
1307,CAROL
1307,BERGMANN
1307,TAINARA
1307,LORENNE
1307,NATINHA
73,Charles DOBSON
73,Toby HARRIES
73,Alex HAYDOCK-WILSON
73,Matthew HUDSON-SMITH
73,Samuel REARDON
73,Charlie CARVELL
1259,Nils EHLERS
1259,Clemens WICKLER
105,Amber ANNING
105,Yemi Mary JOHN
105,Hannah KELLY
105,Laviai NIELSEN
105,Lina NIELSEN
105,Victoria OHURUOGU
105,Jodie WILLIAMS
105,Nicole YEARGIN
226,Frank NTILIKINA
226,Nicolas BATUM
226,Andrew ALBICY
226,Guerschon YABUSELE
226,Isaia CORDINIER
226,Evan FOURNIER
226,Nando de COLO
226,Mathias LESSORT
226,Rudy GOBERT
226,Victor WEMBANYAMA
226,Matthew STRAZEL
226,Bilal COULIBALY
82,Courtney LINDSEY
82,Christopher BAILEY
82,Bryce DEADMON
82,Quincy HALL
82,Michael NORMAN
82,Vernon NORWOOD
82,Quincy WILSON
1334,Laura ESTER RAMOS
1334,Isabel PIRALKOVA COELLO
1334,Anni ESPAR LLAQUET
1334,Bea ORTIZ
1334,Nona PEREZ VIVAS
1334,Paula CRESPI BARRIGA
1334,Elena RUIZ BARRIL
1334,Pili PENA
1334,Judith FORCA ARIZA
1334,Paula CAMUS
1334,Maica GARCIA GODOY
1334,Paula LEITON ARRONES
1334,Martina TERRE
966,Kate SHORTMAN
966,Isabelle THORPE
343,Simone CONSONNI
343,Elia VIVIANI
338,Niklas LARSEN
338,Michael MOERKOEV
1339,Laura AARTS
1339,Iris WOLVES
1339,Brigitte SLEEKING
1339,Sabrina van der SLOOT
1339,Maartje KEUNING
1339,Simone van de KRAATS
1339,Bente ROGGE
1339,Vivian SEVENICH
1339,Kittylynn JOUSTRA
1339,Lieke ROGGE
1339,Lola MOOLHUIJZEN
1339,Nina TEN BROEK
1339,Sarah BUIS
1299,GREBENNIKOV
1299,CHINENYEZE
1299,JOUFFROY
1299,LE GOFF
1299,FAURE
1299,PATRY
1299,BRIZARD
1299,TONIUTTI
1299,CLEVENOT
1299,LOUATI
1299,NGAPETH
1299,TILLIE
1299,CARLE
592,Martina CENTOFANTI
592,Agnese DURANTI
592,Alessia MAURELLI
592,Daniela MOGUREAN
592,Laura PARIS
69,Lee Bhekempilo EPPIE
69,Busang Collen KEBINATSHIPI
69,Bayapo NDORI
69,Anthony PESELA
69,Leungo SCOTCH
69,Letsile TEBOGO
1265,Anders Berntsen MOL
1265,Christian Sandlie SOERUM
962,WANG Liuyi
962,WANG Qianyi
612,Laura GLAUSER
612,Meline NOCANDY
612,Alicia TOUBLANC
612,Chloe VALENTINI
612,Coralie LASSOURCE
612,Grace ZAADI DEUNA
612,Cleopatre DARLEUX MINGAM
612,Laura FLIPPES
612,Orlane KANOR
612,Tamara HORACEK
612,Pauletta FOPPA
612,Estelle NZE MINKO
612,Onacia ONDONO
612,Lucie GRANIER
612,Sarah BOUKTIT
612,Lena GRANDVEAU
612,Hatadou SAKO
610,Sandra TOFT
610,Sarah AABERG IVERSEN
610,Helena ELVER
610,Anne Mette HANSEN
610,Kathrine HEINDAHL
610,Line HAUGSTED
610,Althea REINHARDT
610,Mette TRANBORG
610,Kristina JOERGENSEN
610,Trine OESTERGAARD
610,Louise VINTER BURGAARD
610,Mie HOEJLUND
610,Emma FRIIS
610,Rikke IVERSEN
610,Michala MOELLER
1223,Hina HAYATA
1223,Miwa HARIMOTO
1223,Miu HIRANO
233,Stephen CURRY
233,Anthony EDWARDS
233,LeBron JAMES
233,Kevin DURANT
233,Derrick WHITE
233,Tyrese HALIBURTON
233,Jayson TATUM
233,Joel EMBIID
233,Jrue HOLIDAY
233,Bam ADEBAYO
233,Anthony DAVIS
233,Devin BOOKER
347,Iuri LEITAO
347,Rui OLIVEIRA
973,Bregje de BROUWER
973,Noortje de BROUWER
1224,SHIN Yubin
1224,JEON Jihee
1224,LEE Eunhye
115,Kaylyn BROWN
115,Aaliyah BUTLER
115,Kendall ELLIS
115,Quanera HAYES
115,Alexis HOLMES
115,Shamier LITTLE
111,Lisanne de WITTE
111,Lieke KLAVER
111,Eveline SAALBERG
111,Anne van de WIEL
111,Myrte van der SCHOOT
617,Veronica KRISTIANSEN
617,Maren AARDAHL
617,Stine SKOGRAND
617,Nora MOERK
617,Stine Bredal OFTEDAL
617,Silje SOLBERG-OESTHASSEL
617,Kari BRATTSET DALE
617,Kristine BREISTOEL
617,Vilde INGSTAD
617,Katrine LUNDE
617,Marit JACOBSEN
617,Camilla HERREM
617,Sanna SOLBERG-ISAKSEN
617,Henny REISTAD
617,Thale RUSHFELDT DEILA
1303,KACZMAREK
1303,KUREK
1303,LEON
1303,SLIWKA
1303,LOMACZ
1303,KOCHANOWSKI
1303,SEMENIUK
1303,ZATORSKI
1303,JANUSZ
1303,BIENIEK
1303,FORNAL
1303,HUBER
1303,BOLADZ
1331,Gabriella PALM
1331,Keesja GOFERS
1331,Elle ARMIT
1331,Bronte HALLIGAN
1331,Sienna GREEN
1331,Abby ANDREWS
1331,Charlize ANDREWS
1331,Sienna HEARN
1331,Zoe ARANCINI
1331,Alice WILLIAMS
1331,Tilly KEARNS
1331,Danijela JACKOVICH
1331,Genevieve LONGMAN
591,Shani BAKANOV
591,Adar FRIEDMANN
591,Romi PARITZKI
591,Ofir SHAHAM
591,Diana SVERTSOV
1329,Radoslav FILIPOVIC
1329,Dusan MANDIC
1329,Strahinja RASOVIC
1329,Sava RANDELOVIC
1329,Milos CUK
1329,Nikola DEDOVIC
1329,Radomir DRASOVIC
1329,Nikola JAKSIC
1329,Nemanja VICO
1329,Nemanja UBOVIC
1329,Viktor RASOVIC
1329,Petar JAKSIC
1329,Vladimir MISOVIC
1330,Adrian WEINBERG
1330,Johnny HOOPER
1330,Marko VAVIC
1330,Alex OBERT
1330,Hannes DAUBE
1330,Luca CUPIDO
1330,Ben HALLOCK
1330,Dylan WOODHEAD
1330,Alex BOWEN
1330,Chase William DODD
1330,Ryder DODD
1330,Max IRVING
1330,Drew HOLLAND
1318,A. SKINNER
1318,RETTKE
1318,COOK
1318,THOMPSON
1318,WASHINGTON
1318,WONG-ORANTES
1318,POULTER
1318,CARLINI
1318,LARSON
1318,DREWS
1318,PLUMMER
1318,OGBOGU
1318,HANCOCK
234,Jade MELBOURNE
234,Kristy WALLACE
234,Steph TALBOT
234,Tess MADGEN
234,Alanna SMITH
234,Ezi MAGBEGOR
234,Marianna TOLO
234,Cayla GEORGE
234,Amy ATWELL
234,Isobel BORLASE
234,Lauren JACKSON
234,Sami WHITCOMB
602,David SPAETH
602,Johannes GOLLA
602,Luca WITZKE
602,Sebastian HEYMANN
602,Justus FISCHER
602,Juri KNORR
602,Julian KOESTER
602,Renars USCINS
602,Kai HAEFNER
602,Tim HORNKE
602,Andreas WOLFF
602,Rune DAHMKE
602,Lukas MERTENS
602,Christoph STEINERT
602,Marko GRGIC
602,Jannik KOHLBACHER
598,Niklas Landin JACOBSEN
598,Niclas KIRKELOEKKE
598,Magnus Landin JACOBSEN
598,Emil JAKOBSEN
598,Rasmus LAUGE
598,Emil NIELSEN
598,Magnus SAUGSTRUP
598,Hans LINDBERG
598,Mathias GIDSEL
598,Henrik MOELLGAARD
598,Mikkel HANSEN
598,Lukas JOERGENSEN
598,Lasse ANDERSSON
598,Simon HALD
598,Thomas ARNOLDSEN
598,Simon PYTLICK
600,Gonzalo PEREZ de VARGAS
600,Jorge MAQUEDA
600,Alex DUJSHEBAEV
600,Rodrigo CORRALES
600,Adrian FIGUERAS
600,Imanol GARCIANDIA
600,Abel SERDIO
600,Agustin CASADO
600,Aleix GOMEZ
600,Ian TARRAFETA
600,Miguel SANCHEZ-MIGALLON
600,Daniel DUJSHEBAEV
600,Kauldi ODRIOZOLA
600,Daniel FERNANDEZ
600,Javier RODRIGUEZ
239,Marine FAUTHOUX
239,Alexia CHERY
239,Sarah MICHEL BOURY
239,Valeriane AYAYI
239,Iliana RUPERT
239,Janelle SALAUN
239,Dominique MALONGA
239,Gabby WILLIAMS
239,Marieme BADIANE
239,Marine JOHANNES
239,Leila LACAN
239,Romane BERNIES
1311,CAMBI
1311,DE GENNARO
1311,ORRO
1311,BOSETTI
1311,DANESI
1311,SYLLA
1311,EGONU
1311,FAHR
1311,ANTROPOVA
1311,GIOVANNINI
1311,SPIRITO
1311,LUBIAN
1311,OMORUYI
1320,Marko BIJAC
1320,Rino BURIC
1320,Loren FATOVIC
1320,Luka LONCAR
1320,Maro JOKOVIC
1320,Luka BUKIC
1320,Ante VUKICEVIC
1320,Marko ZUVELA
1320,Jerko MARINIC KRAGIC
1320,Josip VRLIC
1320,Matias BILJAKA
1320,Konstantin KHARKOV
1320,Toni POPADIC
245,Jewell LOYD
245,Kelsey PLUM
245,Sabrina IONESCU
245,Kahleah COPPER
245,Chelsea GRAY
245,A'ja WILSON
245,Breanna STEWART
245,Napheesa COLLIER
245,Diana TAURASI
245,Jackie YOUNG
245,Alyssa THOMAS
245,Brittney GRINER
